{"elbow sleeve":0.0092723015,"dyeing":6.3670631382,"culottes":0.0,"asymmetric neck":0.1161270888,"rompers":16.9354339504,"sailor collar":0.0,"draped":3.6112731739,"shirred sleeve":2.2104454722,"satin":10.0504878521,"34 len":0.0,"tie sleeve":21.194051665,"shirring":2.48701521,"patchwork":96.5583018228,"bishop sleeve":1.8680929729,"check":55.8576319983,"structured sleeve":0.7687699378,"short":56.7567656126,"notch collar":0.0107604976,"knit":52.7173426854,"linen blend":1.3257098496,"dots":3.9370066669,"colorblock":1.9994565497,"draped sleeve":1.0476258913,"maxi":10.9060639863,"mesh":19.2832131882,"pleats":3.8922280681,"rolled collar":0.0,"beaded":5.9076695059,"jabot collar":0.0,"ruffles":36.3287665758,"corset":7.8763386524,"plaid":15.1272809634,"ankle length":0.0,"harem":0.0,"revere collar":0.0356915832,"overalls":21.420517019,"twill":2.8476151022,"bell sleeve":21.0917385681,"bodysuit":34.0226382983,"skinny":4.1729739202,"open sleeve":7.0309737863,"tropical":12.5363712548,"playsuits":1.214380877,"frill collar":0.0402175874,"tapered leg":2.715170426,"silk blend":0.0849279071,"chiffon":10.8955628305,"mesh sleeve":13.5594332926,"straight":16.986291248,"cape sleeve":2.4219836743,"mandarin collar":1.4926679473,"bandeau neck":0.203135174,"tulle sleeve":1.796032704,"flat collar":0.2873335367,"chambray":2.173371596,"trumpet sleeve":1.193597989,"shawl collar":1.2552983399,"crew neck":39.3106215877,"sweatshirt":12.9692158437,"linen":11.3826897074,"kimono sleeve":4.4706146179,"animal print":18.5135304853,"split sleeve":3.3316134201,"balloon sleeve":9.4486713087,"flared":2.0278715083,"natural":57.4807894422,"sleeveless":48.4843205376,"sweetheart neck":0.5719635894,"turn down collar":-0.0000197476,"smocking":7.7385477514,"blazer":31.0930013736,"charmeuse":1.7786264053,"bardot neck":0.1755858884,"turtleneck":32.7807432519,"scoop neck":18.623374547,"jersey":16.4091411121,"square neck":24.6621814236,"dolman sleeve":5.2481982087,"geometric":8.1180217997,"round neck":40.637789576,"34 sleeve":1.9604429078,"wool blend":0.5053225159,"frill sleeve":7.1411139861,"solid":27.3040089599,"long sleeve":88.9248295554,"blouson sleeve":1.6681314788,"shirt":97.3421492143,"lace up neck":0.4496591883,"synthetic":7.1153358961,"short sleeve":80.1334792555,"slit sleeve":2.6521299732,"tulle":4.7264421621,"tee":42.809056804,"split leg":2.20259308,"u neck":0.9361655717,"flutter sleeve":12.4333476001,"tank":22.0028339381,"cotton":41.2324432684,"point collar":0.0863353764,"lace":90.2190909173,"wide leg":95.8045474441,"stripe":76.1731605874,"sheer sleeve":9.8920047949,"v neck":77.1516838034,"plunge neck":1.0004466261,"couching":0.2460102535,"puff sleeve":100.0,"floral":82.988092695,"angel sleeve":2.2788388158,"tie-dye":0.1019283227,"ruching":7.2720701065,"flared leg":13.7035452831,"slim peg leg":0.0,"cowl neck":23.8859203264,"jumpsuit":91.3653559713,"faux leather":5.3701524597,"detachable collar":0.0269745814,"silk":43.5947570448,"volume sleeve":1.1266411559,"cropped leg":4.3320425244,"boilersuits":0.0,"long":91.0578704376,"bodycon":1.853638936,"wrapover":3.4774112556,"straight leg":40.9299687435,"jewel neck":0.189292117,"deep neck":7.9095341575,"keyhole":75.5673971272,"denim":32.411559125,"cargo":7.7384371739,"wide cut neck":0.0,"kick flare leg":0.2443588196,"spandex":6.5726081989,"unitard":0.0,"wool":28.2475168859,"rhinestones":36.9645361007,"patterned":6.3969096482,"camouflage":7.7271040182,"batwing sleeve":2.258866011,"spread collar":1.837985853,"mini":54.096632323,"halter neck":57.5116206193,"ombre":3.1455202946,"midi":15.1923097846,"logo":47.5979574955,"trims":3.1354584331,"raglan sleeve":6.4911031198,"lace sleeve":27.757804771,"fluted sleeve":0.7973692407,"high neck":43.5923894417,"off shoulder":40.026913086,"cotton blend":3.6935860268,"dungarees":7.341090771,"cap sleeve":22.2904038103,"organza sleeve":2.7219960727,"cape":10.9081416039}