{"Boilersuits":0.043956044,"Playsuits":2.6483516484,"Rompers":14.3516483516,"Dungarees":12.4945054945,"Overalls":27.9010989011,"Bodysuit":31.0989010989,"Jumpsuit":73.5494505495,"Notch collar":1.6333333333,"Shawl collar":5.5,"Revere collar":0.9222222222,"Point collar":1.2333333333,"Sailor collar":0.9333333333,"Flat collar":1.0888888889,"Bertha collar":0.1,"Jabot collar":0.1555555556,"Detachable collar":0.8111111111,"Rolled collar":0.3444444444,"Turn down collar":0.8444444444,"Spread collar":2.7666666667,"Mandarin collar":4.9888888889,"Turtleneck":69.3444444444,"Frill collar":1.4333333333,"Beaded":5.5168539326,"Chambray":2.0224719101,"Charmeuse":0.0674157303,"Chiffon":6.8651685393,"Cotton Blend":0.3258426966,"Jersey":30.3146067416,"Knit":16.7640449438,"Linen":21.2359550562,"Linen Blend":0.1123595506,"Mesh":26.4382022472,"Satin":23.191011236,"Silk Blend":0.0112359551,"Spandex":6.202247191,"Synthetic":2.0561797753,"Tulle":2.5505617978,"Twill":3.0337078652,"Wool":16.7528089888,"Wool Blend":0.4494382022,"Silk":39.5056179775,"Cotton":73.0786516854,"Denim":78.3258426966,"Faux Leather":39.1348314607,"Couching":0.2777777778,"Dyeing":6.6333333333,"Smocking":8.6888888889,"Shirring":5.2777777778,"Trims":3.3777777778,"Wrapover":4.0111111111,"Ruching":8.9,"Rhinestones":26.5888888889,"Ruffles":26.6,"Patchwork":61.3,"Cropped leg":5.0674157303,"Straight leg":45.1797752809,"Kick flare":3.5617977528,"wide leg":74.8314606742,"Tapered leg":2.7303370787,"Flared leg":3.1348314607,"Slim peg":2.1123595506,"Split leg":0.1460674157,"Mini":33.5730337079,"3\/4 length":0.202247191,"Ankle length":0.0112359551,"Midi":14.7640449438,"Short":58.2134831461,"Long":78.0674157303,"Wide cut neck":0.0777777778,"Plunge neck":1.7666666667,"Round neck":11.9222222222,"Lace up neck":1.1555555556,"U neck":1.6666666667,"Scoop neck":9.2333333333,"Sweetheart neck":1.0777777778,"Bandeau neck":0.7888888889,"Bardot neck":0.7555555556,"Square neck":11.8555555556,"Halter neck":12.5444444444,"Deep neck":7.5444444444,"Keyhole":3.3333333333,"asymmetric neck":0.2666666667,"Cowl neck":9.7,"Jewel neck":0.7222222222,"V neck":80.0111111111,"Crew neck":40.2666666667,"Off shoulder":43.7111111111,"High neck":27.5444444444,"Patterned":2.4444444444,"pleats":0.8888888889,"Animal Print":3.1444444444,"Camouflage":6.5333333333,"Colorblock":2.0666666667,"Dots":2.8777777778,"Geometric":1.2222222222,"Ombre":3.8111111111,"Plaid":16.3444444444,"Solid":10.8888888889,"Stripe":13.9,"Tie-Dye":1.2777777778,"Tropical":4.9222222222,"Check":22.5,"Floral":32.7222222222,"Natural":16.6666666667,"Logo":86.3666666667,"Short sleeve":34.6444444444,"Elbow sleeve":0.7888888889,"Long sleeve":82.4222222222,"3\/4 sleeve":3.7777777778,"Sleeveless":29.3333333333,"organza sleeve":3.7444444444,"shirred sleeve":3.8444444444,"Trumpet sleeve":1.0777777778,"Sheer sleeve":7.9555555556,"Fluted sleeve":0.8111111111,"Mesh sleeve":12.4666666667,"Kimono sleeve":6.9888888889,"Blouson sleeve":2.1888888889,"Balloon sleeve":8.4333333333,"Dolman sleeve":6.0111111111,"Volume sleeve":1.6111111111,"Split sleeve":4.4666666667,"Batwing sleeve":3.3111111111,"tulle sleeve":2.1222222222,"Frill sleeve":7.3555555556,"Structured sleeve":0.7333333333,"Flutter sleeve":11.2666666667,"Draped sleeve":1.0777777778,"Cape sleeve":3.8666666667,"Raglan sleeve":6.6444444444,"Angel sleeve":3.2444444444,"Bishop sleeve":2.7777777778,"Slit sleeve":2.8222222222,"Open sleeve":8.1,"Bell sleeve":16.4333333333,"Cap sleeve":18.6222222222,"Lace sleeve":25.3777777778,"Tie sleeve":22.2777777778,"Puff sleeve":61.6555555556,"Cargo":6.3222222222,"Bodycon":1.0444444444,"Cape":1.6111111111,"Draped":0.0,"Corset":2.4444444444,"Flared":0.9555555556,"Harem":0.0333333333,"Culottes":0.0222222222,"Skinny":5.5,"Straight":2.4333333333,"Tank":8.3111111111,"Unitard":0.0,"Blazer":8.7666666667,"Tee":9.7,"Sweatshirt":9.5,"Shirt":82.1888888889}