{"boilersuits":0.0,"dungarees":0.0,"overalls":21.2444723794,"playsuits":0.0,"rompers":21.2444723794,"jumpsuit":100.0,"bodysuit":36.2665828617,"notch collar":null,"shawl collar":null,"spread collar":null,"revere collar":null,"point collar":null,"frill collar":null,"turtleneck":null,"sailor collar":null,"mandarin collar":null,"flat collar":null,"jabot collar":null,"detachable collar":null,"rolled collar":null,"turn down collar":null,"couching":0.0,"dyeing":0.0,"smocking":0.0,"shirring":0.0,"ruching":0.0,"patchwork":100.0,"ruffles":0.0,"rhinestones":0.0,"trims":0.0,"wrapover":0.0,"beaded":5.0211208816,"chambray":0.0,"charmeuse":2.3715018737,"chiffon":0.0,"cotton":54.7057951012,"cotton blend":4.9225053525,"denim":15.3937576073,"faux leather":0.0,"jersey":8.2913363829,"knit":63.1150587071,"lace":100.0,"linen":15.1769098708,"linen blend":1.7676131328,"mesh":16.0151492959,"satin":3.4226937741,"silk":37.54529923,"silk blend":0.1132372095,"spandex":0.0,"synthetic":8.5891834078,"tulle":4.5819831472,"twill":2.5764614774,"wool":27.8122183738,"wool blend":0.3451854432,"cropped leg":0.0,"straight leg":38.4594717694,"tapered leg":0.0,"wide leg":100.0,"flared leg":17.8522527037,"kick flare leg":0.0,"slim peg leg":0.0,"split leg":0.0,"ankle length":0.0,"34 len":0.0,"midi":16.457673595,"short":64.5964835158,"long":100.0,"mini":64.446646851,"maxi":9.2981134522,"wide cut neck":0.0,"plunge neck":0.0,"round neck":50.0,"lace up neck":0.0,"v neck":0.0,"u neck":0.0,"scoop neck":22.360679775,"sweetheart neck":0.0,"bandeau neck":0.0,"bardot neck":0.0,"square neck":28.8675134595,"high neck":50.0,"halter neck":73.5888730095,"deep neck":0.0,"off shoulder":0.0,"keyhole":100.0,"crew neck":0.0,"asymmetric neck":0.0,"cowl neck":28.8675134595,"jewel neck":0.0,"check":66.5519214695,"floral":100.0,"patterned":7.6921839399,"pleats":4.8680904908,"natural":71.7794549513,"animal print":23.4728654389,"camouflage":0.0,"colorblock":0.0,"dots":4.4177201358,"geometric":10.4892957173,"logo":36.720925055,"ombre":2.8800011735,"plaid":12.6942697492,"solid":33.3049769921,"stripe":97.176213321,"tie-dye":0.0,"tropical":15.2594741449,"short sleeve":100.0,"elbow sleeve":0.0,"long sleeve":100.0,"34 sleeve":0.0,"sleeveless":58.5786437627,"organza sleeve":0.0,"shirred sleeve":0.0,"trumpet sleeve":0.0,"sheer sleeve":0.0,"fluted sleeve":0.0,"mesh sleeve":0.0,"kimono sleeve":0.0,"blouson sleeve":0.0,"puff sleeve":100.0,"balloon sleeve":0.0,"dolman sleeve":0.0,"volume sleeve":0.0,"split sleeve":0.0,"batwing sleeve":0.0,"tulle sleeve":0.0,"frill sleeve":0.0,"structured sleeve":0.0,"tie sleeve":19.0743569831,"lace sleeve":0.0,"flutter sleeve":0.0,"cap sleeve":0.0,"draped sleeve":0.0,"cape sleeve":0.0,"raglan sleeve":0.0,"angel sleeve":0.0,"bishop sleeve":0.0,"slit sleeve":0.0,"open sleeve":0.0,"bell sleeve":0.0,"cargo":8.5391655929,"blazer":37.0557526982,"bodycon":0.0,"cape":13.8928964352,"draped":4.8150308985,"corset":9.6619812024,"flared":2.3781821672,"harem":0.0,"culottes":0.0,"skinny":3.5435549826,"shirt":100.0,"straight":21.8864531428,"sweatshirt":13.4267623437,"tank":27.3360677835,"tee":54.2176370511,"unitard":0.0}