{"Couching":0.2777777778,"Dyeing":6.6333333333,"Smocking":8.6888888889,"Shirring":5.2777777778,"Trims":3.3777777778,"Wrapover":4.0111111111,"Ruching":8.9,"Rhinestones":26.5888888889,"Ruffles":26.6,"Patchwork":61.3}