{"34 len":0.0,"34 sleeve":2.006718783,"angel sleeve":2.3326303648,"animal print":3.7213415031,"ankle length":0.0,"asymmetric neck":0.1188682462,"balloon sleeve":9.6717053654,"bandeau neck":0.2079301404,"bardot neck":0.1797305593,"batwing sleeve":2.3121861058,"beaded":8.7695451994,"bell sleeve":21.5896049731,"bishop sleeve":1.9121889458,"blazer":13.5164429054,"blouson sleeve":1.7075073994,"bodycon":1.8973937242,"bodysuit":27.9349987667,"boilersuits":0.0,"camouflage":7.9095008124,"cap sleeve":22.8165644763,"cape sleeve":2.47915413,"cape":1.9999980007,"cargo":5.4622131103,"chambray":2.2246736117,"charmeuse":0.0,"check":24.3359622757,"chiffon":11.1527504815,"colorblock":2.0466533344,"corset":2.5788812112,"cotton":0.8315640261250001,"cotton blend":0.0069892244,"cowl neck":9.1521948274,"crew neck":40.2385411988,"cropped leg":4.4342995494,"culottes":0.0,"deep neck":8.0962371798,"denim":85.4351379848,"detachable collar":0.0276113112,"dolman sleeve":5.3720809112,"dots":2.5537570952,"draped sleeve":1.0723548976,"draped":0.0,"dungarees":7.5143757972,"elbow sleeve":0.0094911724,"faux leather":5.4969138687,"flared leg":1.2871042482,"flared":1.0,"flat collar":0.29411598915,"floral":32.7066003054,"fluted sleeve":0.8161909872,"flutter sleeve":12.7268343628,"frill collar":0.0411669158,"frill sleeve":7.309678599,"geometric":1.0279039945,"halter neck":9.4989128287,"harem":0.0,"high neck":24.9447964594,"jabot collar":0.0,"jersey":41.7247475247,"jewel neck":0.1937603208,"jumpsuit":67.0066281211,"keyhole":2.323161706,"kick flare leg":0.2501268622,"kimono sleeve":4.5761426103,"knit":22.0322690666,"lace":62.3133384464,"lace up neck":0.4602733064,"lace sleeve":28.413022378,"linen":2.99067e-05,"linen blend":0.0,"logo":82.1228461215,"long":65.7476534401,"long sleeve":57.0140898434,"mandarin collar":1.5279020852,"maxi":16.1012172003,"mesh":29.7740074247,"mesh sleeve":13.87950109,"midi":11.6652238812,"mini":23.5905990036,"natural":14.9290641276,"notch collar":0.0110144971,"off shoulder":40.9717406192,"ombre":4.0351296379,"open sleeve":7.1969385612,"organza sleeve":2.7862482629,"overalls":22.4667445934,"patterned":2.5703604901,"plaid":22.9556834199,"playsuits":1.2430461025,"pleats":0.9874109593,"plunge neck":1.024061975,"point collar":0.0883733062,"puff sleeve":102.3604806375,"raglan sleeve":6.6443243521,"revere collar":0.0365340761,"rolled collar":0.0,"rompers":4.1029342493,"round neck":12.8474259655,"sailor collar":0.0,"satin":30.6404532937,"scoop neck":7.5864049144,"shawl collar":1.2849294142,"sheer sleeve":10.1255036527,"shirred sleeve":2.2626226096,"shirt":91.4781252822,"short":34.0221792962,"short sleeve":21.0186161574,"silk":63.2005651294,"silk blend":0.0,"skinny":6.204304911,"sleeveless":18.6309902252,"slim peg leg":0.0,"slit sleeve":2.7147329877,"solid":9.5206556427,"spandex":6.7277533428,"split leg":2.2545848632,"split sleeve":3.4102555098,"spread collar":1.8813711532250001,"square neck":12.3305331878,"straight leg":49.4825504612,"straight":2.3397615615,"stripe":13.4747361142,"structured sleeve":0.7869166033,"sweatshirt":11.8703112831,"sweetheart neck":0.5854646792,"synthetic":2.7573798316,"tank":6.1448351798,"tapered leg":2.7792614982,"tee":8.7859235763,"tie-dye":0.104334321,"tie sleeve":28.2035221441,"tropical":4.4701462514,"trumpet sleeve":1.2217726384,"tulle":5.2816157401,"tulle sleeve":1.8384277082,"turn down collar":-0.0000202137,"turtleneck":33.5545263492,"twill":3.747494966,"u neck":0.9582635788,"unitard":0.0,"v neck":78.9728343611,"volume sleeve":1.1532353022,"wide leg":85.1825390328,"wide cut neck":0.0,"wool":30.251015,"wool blend":1.009001788,"couching": 0.251817277921511,"smocking": 7.921214672681545,"shirring":2.5457207224853082,"trims":3.209470322303658,"wrapover": 3.5594948750240376,"ruching": 7.443725913325203,"dyeing":6.51735643073253,"patchwork": 88.2687254524305,"ruffles":37.18630007667942,"rhinestones":37.837076818095056}