{
  "Detachable collar": 0.8111111111,
  "Structured sleeve": 0.7333333333,
  "Turn down collar": 0.8444444444,
  "Mandarin collar": 4.9888888889,
  "Sweetheart neck": 1.0777777778,
  "asymmetric neck": 0.2666666667,
  "organza sleeve": 3.7444444444,
  "shirred sleeve": 3.8444444444,
  "Trumpet sleeve": 1.0777777778,
  "Blouson sleeve": 2.1888888889,
  "Balloon sleeve": 8.4333333333,
  "Batwing sleeve": 3.3111111111,
  "Flutter sleeve": 11.2666666667,
  "Revere collar": 0.9222222222,
  "Sailor collar": 0.9333333333,
  "Bertha collar": 0.1,
  "Rolled collar": 0.3444444444,
  "Spread collar": 2.7666666667,
  "Wide cut neck": 0.0777777778,
  "Fluted sleeve": 0.8111111111,
  "Kimono sleeve": 6.9888888889,
  "Dolman sleeve": 6.0111111111,
  "Volume sleeve": 1.6111111111,
  "Draped sleeve": 1.0777777778,
  "Raglan sleeve": 6.6444444444,
  "Bishop sleeve": 2.7777777778,
  "Notch collar": 1.6333333333,
  "Shawl collar": 5.5,
  "Point collar": 1.2333333333,
  "Jabot collar": 0.1555555556,
  "Frill collar": 1.4333333333,
  "Cotton Blend": 0.3258426966,
  "Faux Leather": 39.1348314607,
  "Straight leg": 45.1797752809,
  "Ankle length": 0.0112359551,
  "Lace up neck": 1.1555555556,
  "Bandeau neck": 0.7888888889,
  "Off shoulder": 43.7111111111,
  "Animal Print": 3.1444444444,
  "Short sleeve": 34.6444444444,
  "Elbow sleeve": 0.7888888889,
  "Sheer sleeve": 7.9555555556,
  "Split sleeve": 4.4666666667,
  "tulle sleeve": 2.1222222222,
  "Frill sleeve": 7.3555555556,
  "Angel sleeve": 3.2444444444,
  "Flat collar": 1.0888888889,
  "Linen Blend": 0.1123595506,
  "Rhinestones": 26.5888888889,
  "Cropped leg": 5.0674157303,
  "Tapered leg": 2.7303370787,
  "Plunge neck": 1.7666666667,
  "Bardot neck": 0.7555555556,
  "Square neck": 11.8555555556,
  "Halter neck": 12.5444444444,
  "Long sleeve": 82.4222222222,
  "Mesh sleeve": 12.4666666667,
  "Cape sleeve": 3.8666666667,
  "Slit sleeve": 2.8222222222,
  "Open sleeve": 8.1,
  "Bell sleeve": 16.4333333333,
  "Lace sleeve": 25.3777777778,
  "Puff sleeve": 61.6555555556,
  "Turtleneck": 69.3444444444,
  "Silk Blend": 0.0112359551,
  "Wool Blend": 0.4494382022,
  "Kick flare": 3.5617977528,
  "Flared leg": 3.1348314607,
  "3/4 length": 0.202247191,
  "Round neck": 11.9222222222,
  "Scoop neck": 9.2333333333,
  "Jewel neck": 0.7222222222,
  "Camouflage": 6.5333333333,
  "Colorblock": 2.0666666667,
  "3/4 sleeve": 3.7777777778,
  "Sleeveless": 29.3333333333,
  "Cap sleeve": 18.6222222222,
  "Tie sleeve": 22.2777777778,
  "Sweatshirt": 9.5,
  "Charmeuse": 0.0674157303,
  "Synthetic": 2.0561797753,
  "Patchwork": 61.3,
  "Split leg": 0.1460674157,
  "Deep neck": 7.5444444444,
  "Cowl neck": 9.7,
  "Crew neck": 40.2666666667,
  "High neck": 27.5444444444,
  "Patterned": 2.4444444444,
  "Geometric": 1.2222222222,
  "Chambray": 2.0224719101,
  "Couching": 0.2777777778,
  "Smocking": 8.6888888889,
  "Shirring": 5.2777777778,
  "Wrapover": 4.0111111111,
  "wide leg": 74.8314606742,
  "Slim peg": 2.1123595506,
  "Tropical": 4.9222222222,
  "Culottes": 0.0222222222,
  "Chiffon": 6.8651685393,
  "Spandex": 6.202247191,
  "Ruching": 8.9,
  "Ruffles": 26.6,
  "Keyhole": 3.3333333333,
  "Tie-Dye": 1.2777777778,
  "Natural": 16.6666666667,
  "Bodycon": 1.0444444444,
  "Unitard": 0.0,
  "Maxi": 27.93,
  "Beaded": 5.5168539326,
  "Jersey": 30.3146067416,
  "Cotton": 73.0786516854,
  "Dyeing": 6.6333333333,
  "U neck": 1.6666666667,
  "V neck": 80.0111111111,
  "pleats": 0.8888888889,
  "Stripe": 13.9,
  "Floral": 32.7222222222,
  "Drape": 1.0777777778,
  "Corset": 2.4444444444,
  "Flared": 0.9555555556,
  "Skinny": 5.5,
  "Blazer": 8.7666666667,
  "Linen": 21.2359550562,
  "Satin": 23.191011236,
  "Tulle": 2.5505617978,
  "Twill": 3.0337078652,
  "Denim": 78.3258426966,
  "Trim": 3.3777777778,
  "Short": 58.2134831461,
  "Ombre": 3.8111111111,
  "Plaid": 16.3444444444,
  "Solid": 10.8888888889,
  "Check": 22.5,
  "Cargo": 6.3222222222,
  "Harem": 0.0333333333,
  "Shirt": 82.1888888889,
  "Knit": 16.7640449438,
  "Mesh": 26.4382022472,
  "Wool": 16.7528089888,
  "Silk": 39.5056179775,
  "Mini": 33.5730337079,
  "Midi": 14.7640449438,
  "Long": 78.0674157303,
  "Dots": 2.8777777778,
  "Logo": 86.3666666667,
  "Cape": 1.6111111111,
  "Tank": 8.3111111111,
  "Tee": 9.7,
  "three-quarter": 1.9896,
  "Detachable": 0.8111111111,
  "Rhinestone": 26.5888888889,
  "Sweetheart": 1.0777777778,
  "asymmetric": 0.2666666667,
  "Turn down": 0.8444444444,
  "Structure": 0.7333333333,
  "Mandarin": 4.9888888889,
  "Bandeau": 0.7888888889,
  "organza": 3.7444444444,
  "Trumpet": 1.0777777778,
  "Blouson": 2.1888888889,
  "Balloon": 8.4333333333,
  "Batwing": 3.3111111111,
  "Flutter": 11.2666666667,
  "Revere": 0.9222222222,
  "Sailor": 0.9333333333,
  "Bertha": 0.1,
  "Spread": 2.7666666667,
  "Turtle": 69.3444444444,
  "Ruffle": 26.6,
  "Plunge": 1.7666666667,
  "Bardot": 0.7555555556,
  "Square": 11.8555555556,
  "Halter": 12.5444444444,
  "Animal": 3.1444444444,
  "Kimono": 6.9888888889,
  "Dolman": 6.0111111111,
  "Volume": 1.6111111111,
  "Raglan": 6.6444444444,
  "Bishop": 2.7777777778,
  "Notch": 1.6333333333,
  "Shawl": 5.5,
  "Point": 1.2333333333,
  "Jabot": 0.1555555556,
  "Couch": 0.2777777778,
  "Smock": 8.6888888889,
  "Ruche": 8.9,
  "Taper": 2.7303370787,
  "Flare": 2.044,
  "Round": 11.9222222222,
  "Scoop": 9.2333333333,
  "Jewel": 0.7222222222,
  "shirr": 4.5605,
  "Sheer": 7.9555555556,
  "Flute": 0.8111111111,
  "Split": 2.306,
  "tulle": 2.1222222222,
  "Frill": 4.394,
  "Angel": 3.2444444444,
  "Flat": 1.0888888889,
  "Roll": 0.3444444444,
  "Crop": 5.0674157303,
  "Kick": 3.5617977528,
  "Slim": 2.1123595506,
  "Wide": 37.454,
  "Deep": 7.5444444444,
  "Cowl": 9.7,
  "Crew": 40.2666666667,
  "High": 27.5444444444,
  "Slit": 2.8222222222,
  "Open": 8.1,
  "Bell": 16.4333333333,
  "Lace": 13.26666666,
  "Puff": 61.6555555556,
  "Dye": 6.6333333333,
  "Cap": 18.6222222222,
  "Tie": 22.2777777778
}
