{
  "structured sleeve": 0.7687699378,
  "detachable collar": 0.0269745814,
  "turn down collar": 2.02137e-5,
  "mandarin collar": 1.4926679473,
  "sweetheart neck": 0.5719635894,
  "asymmetric neck": 0.1161270888,
  "batwing sleeve": 2.258866011,
  "organza sleeve": 2.7219960727,
  "shirred sleeve": 2.2104454722,
  "flutter sleeve": 12.4333476001,
  "trumpet sleeve": 1.193597989,
  "blouson sleeve": 1.6681314788,
  "balloon sleeve": 9.4486713087,
  "spread collar": 1.837985853,
  "dolman sleeve": 5.2481982087,
  "raglan sleeve": 6.4911031198,
  "Bertha collar": 0.2,
  "wide cut neck": 0.0,
  "draped sleeve": 1.0476258913,
  "fluted sleeve": 0.7973692407,
  "volume sleeve": 1.1266411559,
  "kimono sleeve": 4.4706146179,
  "bishop sleeve": 1.8680929729,
  "sailor collar": 0.0,
  "revere collar": 0.0356915832,
  "rolled collar": 0.0,
  "faux leather": 5.3701524597,
  "notch collar": 0.0107604976,
  "frill sleeve": 7.1411139861,
  "split sleeve": 3.3316134201,
  "elbow sleeve": 0.0092723015,
  "frill collar": 0.0402175874,
  "bandeau neck": 0.203135174,
  "off shoulder": 40.026913086,
  "animal print": 18.5135304853,
  "point collar": 0.0863353764,
  "sheer sleeve": 9.8920047949,
  "short sleeve": 80.1334792555,
  "jabot collar": 0.0,
  "ankle length": 0.0,
  "straight leg": 40.9299687435,
  "shawl collar": 1.2552983399,
  "lace up neck": 0.4496591883,
  "tulle sleeve": 1.796032704,
  "cotton blend": 3.6935860268,
  "angel sleeve": 2.2788388158,
  "Rhinestones": 36.9645361007,
  "tapered leg": 2.715170426,
  "long sleeve": 88.9248295554,
  "mesh sleeve": 13.5594332926,
  "slit sleeve": 2.6521299732,
  "square neck": 24.6621814236,
  "bell sleeve": 21.0917385681,
  "linen blend": 1.3257098496,
  "lace sleeve": 27.757804771,
  "plunge neck": 1.0004466261,
  "flat collar": 0.2873335367,
  "halter neck": 57.5116206193,
  "cape sleeve": 2.4219836743,
  "cropped leg": 4.3320425244,
  "open sleeve": 7.0309737863,
  "bardot neck": 0.1755858884,
  "puff sleeve": 100.0,
  "kick flare": 0.2443588196,
  "sleeveless": 48.4843205376,
  "camouflage": 7.7271040182,
  "3/4 sleeve": 1.9604429078,
  "flared leg": 13.7035452831,
  "colorblock": 1.9994565497,
  "scoop neck": 18.623374547,
  "turtleneck": 32.7807432519,
  "cap sleeve": 22.2904038103,
  "jewel neck": 0.189292117,
  "silk blend": 0.0849279071,
  "tie sleeve": 21.194051665,
  "sweatshirt": 12.9692158437,
  "round neck": 40.637789576,
  "wool blend": 0.5053225159,
  "3/4 length": 0.0,
  "charmeuse": 1.7786264053,
  "split leg": 2.20259308,
  "cowl neck": 23.8859203264,
  "deep neck": 7.9095341575,
  "crew neck": 39.3106215877,
  "synthetic": 7.1153358961,
  "geometric": 8.1180217997,
  "patterned": 6.3969096482,
  "high neck": 43.5923894417,
  "patchwork": 96.5583018228,
  "shirring": 2.48701521,
  "couching": 0.2460102535,
  "slim peg": 0.0,
  "chambray": 2.173371596,
  "tropical": 12.5363712548,
  "wide leg": 95.8045474441,
  "straight": 16.986291248,
  "culottes": 0.0,
  "smocking": 7.7385477514,
  "wrapover": 3.4774112556,
  "bodycon": 1.853638936,
  "spandex": 6.5726081989,
  "ruching": 7.2720701065,
  "natural": 57.4807894422,
  "tie-dye": 0.1019283227,
  "keyhole": 75.5673971272,
  "unitard": 0.0,
  "chiffon": 10.8955628305,
  "ruffles": 36.3287665758,
  "dyeing": 6.3670631382,
  "beaded": 5.9076695059,
  "cotton": 41.2324432684,
  "v neck": 77.1516838034,
  "floral": 82.988092695,
  "corset": 7.8763386524,
  "flared": 2.0278715083,
  "blazer": 31.0930013736,
  "u neck": 0.9361655717,
  "jersey": 16.4091411121,
  "stripe": 76.1731605874,
  "pleats": 3.8922280681,
  "skinny": 4.1729739202,
  "drape": 3.6112731739,
  "shirt": 97.3421492143,
  "twill": 2.8476151022,
  "satin": 10.0504878521,
  "linen": 11.3826897074,
  "plaid": 15.1272809634,
  "denim": 32.411559125,
  "short": 56.7567656126,
  "ombre": 3.1455202946,
  "harem": 0.0,
  "check": 55.8576319983,
  "cargo": 7.7384371739,
  "solid": 27.3040089599,
  "trim": 3.1354584331,
  "silk": 43.5947570448,
  "tank": 22.0028339381,
  "wool": 28.2475168859,
  "maxi": 10.9060639863,
  "long": 91.0578704376,
  "logo": 47.5979574955,
  "knit": 52.7173426854,
  "dots": 3.9370066669,
  "cape": 10.9081416039,
  "midi": 15.1923097846,
  "mesh": 19.2832131882,
  "mini": 54.096632323,
  "tee": 42.809056804,
  "three-quarter": 0.98,
  "Detachable": 0.0269745814,
  "Rhinestone": 36.9645361007,
  "Sweetheart": 0.5719635894,
  "asymmetric": 0.1161270888,
  "Turn down": 2.02137e-5,
  "Structure": 0.7687699378,
  "Mandarin": 1.4926679473,
  "Bandeau": 0.203135174,
  "organza": 2.7219960727,
  "Trumpet": 1.193597989,
  "Blouson": 1.6681314788,
  "Balloon": 9.4486713087,
  "Batwing": 2.258866011,
  "Flutter": 12.4333476001,
  "Revere": 0.0356915832,
  "Sailor": 0.0,
  "Bertha": 0.2,
  "Spread": 1.837985853,
  "Turtle": 32.7807432519,
  "Ruffle": 36.3287665758,
  "Plunge": 1.0004466261,
  "Bardot": 0.1755858884,
  "Square": 24.6621814236,
  "Halter": 57.5116206193,
  "Animal": 18.5135304853,
  "Kimono": 4.4706146179,
  "Dolman": 5.2481982087,
  "Volume": 1.1266411559,
  "Raglan": 6.4911031198,
  "Bishop": 1.8680929729,
  "Notch": 0.0107604976,
  "Shawl": 1.2552983399,
  "Point": 0.0863353764,
  "Jabot": 0.0,
  "Couch": 0.2460102535,
  "Smock": 7.7385477514,
  "Ruche": 7.2720701065,
  "Taper": 2.715170426,
  "Flare": 7.865,
  "Round": 40.637789576,
  "Scoop": 18.623374547,
  "Jewel": 0.189292117,
  "shirr": 2.3485,
  "Sheer": 9.8920047949,
  "Flute": 0.7973692407,
  "Split": 2.765,
  "tulle": 4.7264421621,
  "Frill": 3.59,
  "Angel": 2.2788388158,
  "Flat": 0.2873335367,
  "Roll": 0.0,
  "Crop": 4.3320425244,
  "Kick": 0.2443588196,
  "Slim": 0.0,
  "Wide": 47.9025,
  "Deep": 7.9095341575,
  "Cowl": 23.8859203264,
  "Crew": 39.3106215877,
  "High": 43.5923894417,
  "Slit": 2.6521299732,
  "Open": 7.0309737863,
  "Bell": 21.0917385681,
  "lace": 90.2190909173,
  "Puff": 100.0,
  "Dye": 3.235,
  "Cap": 22.2904038103,
  "Tie": 10.646
}
