{
  "Boilersuit": 0.0,
  "Dungarees": 7.341090771,
  "Playsuit": 1.214380877,
  "Overalls": 21.420517019,
  "Bodysuit": 34.0226382983,
  "Jumpsuit": 91.3653559713,
  "Romper": 16.9354339504
}
