{
  "Boilersuit": 0.043956044,
  "Dungarees": 12.4945054945,
  "Playsuit": 2.6483516484,
  "Overalls": 27.9010989011,
  "Bodysuit": 31.0989010989,
  "Jumpsuit": 73.5494505495,
  "Romper": 14.3516483516
}
