length,sum
ankle length,0.0
3/4 length,0.0
midi,3.90919401063259
short,15.343613725810485
long,23.753017023071568
mini,15.308022997323013
maxi,2.2085824711145663
